"Topic 1","Topic 2","Topic 3"
"<U+00BE><U+00A9><U+00B6><U+00AB>","<c9><fa><U+00B2><fa><c8><d5><c6><da>","<U+00BB><U+00BB>"
"<U+00B1><e3><c3><d8>","<c9><U+03FB><f0>","<U+00B0><fc><U+05F0>"
"<U+00B1><e3><d2><cb>","<U+00B8>ß‡<f5>","<U+04BB><cb><ea>"
"<ca><U+0575><U+00BD>","<U+00BA><c1><c9><fd>","<U+00BB><dd><ca><cf>"
"<d0><c8>¶∆","<cb><ea>","<U+04BB><U+00B9><de>"
"<cf><U+3FAB>","<c7><f8><U+00B1><f0>","<U+00BC><U+06F8><f1>"
"<cc><e2>","<c7><e9><U+00BF><f6>","<c3><c0><cb><d8>"
"<d5><fd><U+01B7>","<c8><U+073D><e2>","<cf><e3><U+003C><cb><d8>"
"<U+00B7><c0>¶¡","<U+0138><c8><e9>","<U+00B0><U+00AE>"
"<c4><ea>","¶∆<U+00B5><c0>","<U+0036>"
"<U+00B3><e5><c5><dd>","<U+00B2><U+00BB><U+00BA><c3>","<d7><ea>"
"<U+002D><U+00B6><c7><d7><d3>","<U+00BC><U+0476><f9>","<c3><c0>"
"<U+00B9><de><U+05F0>","<d7><d3>","<U+02B5><cc><e5>"
"<U+00BD><f8><U+00BF><da>","<U+00B6><e0><U+00BE><c3>","<U+00B4><f2><U+00BF><U+00AA>"
"<c5><c6><d7><d3>","<U+00B8><c7><d7><d3>","<U+00BA><U+00F6><e0>"
"<c5><U+4DFD>","<db><e7>","<U+00BC><d3>"
"<cc><ed><U+00BC><d3>","<U+00B7><U+00A2><cf><d6>","<U+00FF><U+00B4><ce>"
"<U+00BB><U+EDAF>","<U+00B9><de>","<ce><fc><ca><d5>"
"<U+032B>","<U+00BD><e1><U+00BF><e9>","<U+00B1><c8><c0><fd>"
"<d5><fb><cf><e4>","<d1><U+0033><dd>","<U+00B6><cf><c4><cc>"
"<U+00B0><U+00AE><U+00B6><fb><U+003C>","<U+00B1><U+00A3><d6><ca><c6><da>","<c4><cc><U+01BF>"
"<U+00B5><da><U+04BB><U+00B4><ce>","<U+00BF><da>¶∆","<U+04EA><d1><f8>"
"<U+00B9><U+00BA><c2><f2>","<c5><dd><U+012D>","<U+00B2><ee>"
"<U+00B9><f3>","<c7><d7>","<U+00B6><fe><U+03AC><c2><eb>"
"<U+00B2><fa><U+01B7>","<U+02B1><U+00BC><e4>","<U+00B8><fc><U+00BA><c3>"
"<c2><f2><U+00B9><fd>","<cc><U+0631><f0>","<U+02EB><U+02AE>"
"<U+00B6><da>","ß≥<U+00BA><U+00A2>","<U+00B1><U+00A6><c2><e8>"
"¶∆","<d1><d5><U+026B>","<U+00B2><U+00BB><U+00B4><ed>"
"<U+04BB><cf><e4>","<U+05EA>","<U+00B9><fd><c3><f4>"
"<d3>ß›<fa>","<U+05EA><c4><cc>","<U+007D><U+00B8><f6>"
"<U+00B0><d7><U+0270><cc><c7>","<U+00B3><e5><U+00B5><f7>","<c3><c0><d4><U+07B3><U+00BC>"
"<U+00BB><e1><c9><cf>","<U+00B6><U+00AB><ce><f7>","<c5><dd><c5><dd>"
"<U+00BF><U+00A8>","<U+00BF><U+0377><fe>","<ce><c2>"
"<c0><U+03FF><ee>","<U+0163><c4><cc>","<U+052D><U+05F0>"
"<c4><cc>","<c5><e4><c1><cf>","<d6><ca><U+007F>"
"<cd><f8><c9><cf>","<c8><fd><cb><ea>","<U+00BA><cf><c9><fa><U+052A>"
"<cf><d6><cf><f3>","<c9><fa><U+00B2><fa>","<c3><e6>"
"<U+04BB><U+0123><U+04BB><d1><f9>","<cf>¶Ã<U+00A5>","<U+00B3>çI<U+00BF><U+00AA>"
"<U+00B1><ed>","<cf><ca>","<U+00BC><U+00B8><U+00B8><f6>"
"<U+00B3><U+00A6>¶»","<U+04EA><d1><f8><U+00B3><U+0277><d6>","<U+00BC><U+00B8><U+00B9><de>"
"<U+00B8><U+06F0><e6>","<U+00B2><U+00AC>","<U+00BC><d9>"
"<U+00BA><cf><ca><ca>","<U+00B3>‚Ï","<U+002D>"
"<U+00BB><U+02BC><d2>","<U+00B4><f3><U+00B1><e3>","<c2><f2><U+00B5><U+00BD>"
"<U+00BF><U+06B8><d0>","<U+00B6><f9><d7><d3>","<c4><U+033F><e9>"
"<c1><cb><c2><f0>","<U+00B9><de><d7><d3>","<U+01AB>"
"<c5><fa><U+00B4><ce>","<U+00BC><U+00B8><U+00B7><dd>","<cf><e3>¶∆"
"<c6><c0><c2><db>","<U+016E><U+00B6><f9>","<d3><U+017B><dd>"
"<U+01F0>","<cf><e3>","<U+00B6><c8>"
"<ca><U+02BA><cf>","<U+04BB><U+00B5><e3>","<U+00B6><d2>"
"<U+03AA><U+0276>","<d7><d4><U+04EA>","<U+00B7><U+00B9>"
"<U+04A1>","<U+00B5><U+00A3><d0><c4>","<U+00BD><f0><c1><ec>"
"<U+04BB><d6><d6>","<U+00BC><U+00B8><U+00B4><ce>","<U+00FB><U+02B2><U+00F4>"
"<U+04BB><d6><dc>","<U+00BF><ee>","<c6><U+003C><db>"
"<U+00B2><U+00BB><U+00BF><cf>","<c9><d9>","<U+01BF><U+00B5><d7>"
"<U+00B5><U+00AD>","<U+03F2><U+00BB><U+00B6>","<c8><e9><cc><c7>"
"<U+00B5><da><c8><fd>","ßπ<U+00B9><fb>","<ca><d4><ca><d4>"
"<U+00B5>¥¬","<d5><e9>","<cc><fa><U+00B5><U+00B0><U+00B0><d7>"
"<U+00B7><c5>","<f4><ce>","<ce><U+05B6><fb><c2><ea>"
"<U+00B9><fa><U+00B2><fa>","<U+00B5><U+05F2><U+00BF>","ß’"
"<U+00BA><U+00AC>","<U+00B6><U+0CE4><U+02B1><U+00BC><e4>","<U+052D><d2><f2>"
"<U+00BA>®≤<c3>","<U+00B7><db>","<U+0566><U+00B0><ec>"
"<U+00BA><dc><c4><d1>","<U+00B7><dd>","<d4><f9><U+01B7>"
"<U+00BB><f5>","<U+00B8><U+00A8><U+02B3>","<U+00B1><U+00A6>"
"<U+00BC><U+04F6><e0><c9><d9>","<U+00BB><c6>","<U+00B5><e3>"
"<U+00BC><U+067B><f5>","<U+00BD><U+04FD><fc>","<U+00B9><de><c9><cf>"
"<U+00BD><d3><ca><dc>","<U+00BF><U+00AA>","<U+00BB><U+00B9><U+00BA><c3>"
"<U+00BD><fc><c6><da>","<c8><e9>","<U+00BA><U+00AC><cc><c7>"
"<U+00BF><U+00AA><U+0377>","<cc><e5><d6><ca>","<U+00BA>®∞<U+00BB><U+00BA><c3>"
"<U+00BF><U+00B4><U+00B2><U+00BB><U+00B5><U+00BD>","<U+00B5><f7><d5><fb>","<U+00BA><dc><cf><e3>"
"<U+00FB><U+00B9><fd>","<cd><d1><U+05AC>","<U+00BB><f5><ca><c7>"
"<c3><e2><d2><df><U+0066>","<ce><U+00B6><c8>","<U+00BD><U+00BA><U+00B4><f8>"
"<U+02B1>","<d1><f2><c4><cc>","<U+0036><d5><e9>"
"<U+02F5><c3><f7><ca><e9>","<U+04BB><U+0370>","<U+007D><U+00B4><ce>"
"<cb><c4><d3><d0>","<d4><f5><U+00F4><U+00BB><d8><ca><c2>","<U+007D><U+00B9><de>"
"<cc><ec>","<U+00B3><U+00A4>","<c2>˙ë"
"<U+0370>","<d6><d0>","<c2><f3><U+047F>"
"<U+04BB><c4><ea>","<d7><f6>","<U+00FF><U+00B6><d9>"
"<U+04BB><d5><c5>","<U+00B1><U+00A6><U+00B0><d6>","<c5><dd>"
"<d3><d0><c8><cb>","<U+00B1><ea><U+05FC>","<U+01AB><ca><dd>"
"<U+00B3><U+00A4><c8><e2>","<U+00B2><U+00B9><U+00B3><e4>","<U+01B7><c5><c6>"
"<U+05F0>","<U+00B7><U+00A2><U+00BB><f5>","<U+01BF><U+00B8><c7>"
"<U+00B0><U+00AE><c3><c0>","<U+00B8><df>","<U+01BF><d7><d3>"
"<U+00B1><U+00A6><U+00B1><U+00B4><U+00B6><f9>","<U+00B9><fa><U+00BC><d2>","<c6><da>"
"<U+00B1><U+00A3><U+05A4>","<U+00BA><fd><U+00BE><U+00AB>","<c8><d5>"
"<U+00B2><U+00A8><U+00B6><U+00AF>","<U+00BB><f0><c2><f0>","<c8><e2>"
"<U+00B4><ce><ca><fd>","<U+00BC><U+00B8><cc><ec>","<c9><fa><U+00B2><U+00A1>"
"<U+00B4><d3><U+0034><U+00FB>","<U+00BC><db>¶À","<ca><dd>ß≥"
"<U+00B4><f2><cb><e3>","<U+00BD><e2><U+00BE><f6>","<cc><fd><U+02F5>"
"<U+00B6><ee>","<U+00BD><f0><U+05F0>","<ce><c5>"
"<U+00B7><U+00A2><U+00BB><c6>","<U+007D><U+00BF><ee>","<d1><e9><U+05A4>"
"<U+00B7><U+00A2><d1><d7>","<c2><e8><c2><e8>","<U+04A1><U+00BB><ce>"
"<U+00B7><U+00B9><U+00B2><cb>","<c4><U+047F><U+00AA>","<U+04BB><d6><dc><cb><ea>"
"<U+00B8><U+07F5><e3>","<c4><dc><c2><f0>","<d3><d0><cc><e2>"
"<U+00B8><f4>","<U+0163><c8><e9>","<U+0531>"
"<U+00B8><fc><d6><d8>","<c5><e4><c1><U+03F1><ed>","<d7><d6><d1><f9>"
"<U+00B9><fd><c2><f0>","<c7><c0>","<d7><dc>"
"<U+00BA><U+00F5><e3>","<U+022B><U+05AC>","<U+00B0><c4>"
"<U+00BA><dc><d0><c8>","<U+02EB>","<U+00B0><U+02F8><f6>"
"<U+00BB><U+00BB><c2><f0>","<cb><d8>","<U+00B0><cb><cb><ea>"
"<U+00BB><fd><U+00B7><d6>","<cd><c2>","<U+00B0><e6>"
"<U+00BC><U+00B8><cf><c2>","<cd><de>","<U+00B1><ea><U+05E2>"
"<U+00BC><U+00B8><d6><d6>","<cf><d4><U+02BE>","<U+00B2><U+00B9>"
"<U+00BF><cb>","<cf><e3><U+00B2><dd>","<U+00B2><U+00BB><U+00B5><U+00BD>"
"<U+00BF><da><U+01FB><U+0023><d1><f1>","ß≥<c5><f3><d3><d1>","<U+00B2><U+00BB><U+00B9><f3>"
"<U+007D><cb><ea><U+00B0><eb>","<d2><U+04BB><f9>","<U+00B2><U+00BB><d0><d0>"
"<U+007D><U+0370>","<d3><d0><c4><cc>","<U+00B2><U+00BB><U+00BF><U+00AA>"
"<U+007F>","<d5><e6>¶¡","<U+00B2><U+00BB><d2><d7>"
"<c2><f2><U+00B9><de>","<U+00B0>∑⁄","<U+00B2><U+00BB><d3><c3>"
"<c2><f2><U+00BC><d2>","<U+00B1><U+00A6><U+00B1><U+00B4>","<U+00B2><U+00BB><U+00B3><U+00A4>"
"<U+00FB><U+00BC><fb>","<U+00B1><U+00AD>","<U+00B2><e9><U+046F>"
"<U+00FB><ca><c2>","<U+00B1><U+0234><f3>","<U+00B3><U+00A2>"
"<c4><cd><ca><dc>","<U+00B1><U+0236><d4>","<U+00B3><U+00AC><ca><d0>"
"<c4><ea><U+00B7><dd>","<U+00B1><U+0239><f3>","<U+00B4><f3><c2><f0>"
"<c4><f2><U+01B5>","<U+00B1><e0><c2><eb>","<U+00B5><U+00BD><c6><da>"
"<c5><e4>","<U+00B1><e4><U+00BC><db>","<U+00B5><d7><d7><f9>"
"<U+0237><U+02B5>","<U+00B2><U+00BB><cf><ca>","<U+00B6><U+00B9><c4><cc>"
"<c8><e9><U+00B7><db>","<U+00B3><e5><c2><f0>","<U+00B7><U+00B4><d5><fd>"
"<c8><fd><U+00B3><e5>","<U+00B3><e5><cd><ea>","<U+00B7><c5><d0><c4>"
"<c8><fd><U+00B4><ce>","<U+00B5><cd>","<U+00B7><U+027A><d7>"
"<c8><fd><d3><d0>","<U+00B6><U+04BB><U+00BB>","<U+00B8><U+0133><c9>"
"<c9><cc><U+01B7>","<U+00B6><e0><c9><U+0676><c8>","<U+00B8><U+057B><U+00BB>"
"<c9><cf><d5><c7>","<U+00B7><U+00A2><U+01B1>","<U+00B9><U+00A4><d2><d5>"
"<U+02B3><d3><c3>","<U+00B7><U+00BD><U+00B7><U+00A8>","<U+00B9><U+04B1><da>"
"<cb><c4><U+02AE><U+00B6><c8>","<U+00B7><c0><d7><c5>","<U+00B9><d8><U+03F5>"
"<cb><cd>","<U+00B7><c5><d4><da>","<U+00BA><c9><U+003C>"
"<U+032B><U+00B4><f3>","<U+00B8><U+00FB><U+00BB>","<U+00BB><e1><U+0531><U+00BF><U+00A8>"
"<cc><c7>","<U+00B8><ed><U+00B4><f1>","<U+00BC><U+00B8><U+00BF><ee>"
"<cc><e1><U+00B8><df>","<U+00BF><U+00A9><U+05A8><U+00BF><U+00A9><U+05A8>","<U+00BD><e2><U+00B4><f0>"
"<cc><e5><d6><d8>","<U+00B9><d2>","<U+00BE><U+003D><e1>"
"<U+00B5><f7><d6><c6>","<U+00B9><da><d5>¡Ó","<U+00BE><c3>"
"<U+0370><U+00B8><c7>","<U+00B9><fa><c4><da>","<U+00BE><dc><ca><d5>"
"<cd><e6><d2><e2>","<U+00BB><U+00B3><d2><c9>","<U+00BF><U+00AA><U+00B7><e2>"
"¶À<d6><c3>","<U+00BB><U+0634><f0>","<U+0066><U+00B6><c8>"
"¶…<d1><f8>","<U+00BB><d8><U+0034>","<U+007D><d6><d6>"
"<U+03F2><U+00B1><U+00A6>","<U+00BB><f0>","<c1><f9><U+00B9><de>"
"ß≥<U+02B1>","<U+00BC><U+01F5><c3>","<c2><e8>"
"<U+0479><U+00BA><db>","<U+00BD><U+0070><e8>","<c2><eb>"
"<U+04BB><U+00B0><U+0676><e0>","<U+00BE><e0><c0><eb>","<c2><f2><U+00B5><e3>"
"<U+04BB><U+00B9><c9>","<U+00BF><U+00A8><U+01AC>","<c3><U+05F7><db>"
"<U+04E4><U+00B6><f9>","<U+00BF><U+00B4><d7><c5>","<c4><U+013F><ee>"
"<U+04F0><cf><ec>","<U+00BF><ec><U+00B5><dd>","<c4><cc>¶∆"
"<d3><U+00FB><U+00A7>","<U+00BF><ea><d7><d3>","<c4><cc><d7><ec>"
"<d3><c5><c3><c0>","<U+0036><U+026B>","<c4><d1>"
"<d3>ßﬁ<d9>","<U+007D><cc><ec>","<c6><e3>"
"<d3><d0><c2><f0>","<c2><f4><U+00BC><d2>","<c6><U+CF62>"
"<d3><d0><U+02B1><U+00BA><f2>","<U+00FB><c8><cb>","<U+01F3>"
"<d5><e2><c2><f0>","<U+0138><U+04E4>","<c7><e1><c7><e1>"
"<d5><e6><U+00BC><d9>","<c4><c4>¶À","<c7>ç–"
"<U+00B0><U+00AE><d3><d0>","<c4><c4><U+04BB><c4><ea>","<c7><eb><U+00BB><dd><ca><cf>"
"<U+00B0><c4><d6><de>","<c4><c7><d6><d6>","<c8><c8>"
"<U+00B0><U+05FD><f0>","<c4><U+0330><ea>","<c8><U+06BB><U+00AF>"
"<U+00B0><eb><U+00B8><f6>","<U+01BF><c9><cf>","<U+026C>"
"<U+00B0><e8>","<c6><U+06BC><e4>","<c9><ed><U+00B8><df><cc><e5><d6><d8>"
"<U+00B0><fc><U+05F0><cf><e4>","<c6><e6><U+00B9><d6>","<c9><f9><d2><f4>"
"<U+00B1><U+00B1><U+00B4><f3>","<c7><d7><c2><f0>","<U+02AE>"
"<U+00B1><c8><d1><c5>","<c7><e1>","<cb><U+0134><ce>"
"<U+00B1><e6><U+00B1><f0>","<c7><f8>","<cb><d8><d3><d0>"
"<U+00B1><U+AC21>","<U+0231><U+00B8><c6>","<cc><e1><U+0221>"
"<U+00B1><ed><c3><e6>","<U+0268><c2><eb>","<cc><f4><U+02B3>"
"<U+00B2><U+00B9><U+00B3><U+00A5>","<U+0276><U+02B1><U+00BA><f2>","<U+0363>"
"<U+00B2><U+00BB><U+00B8><df>","<U+0276><d2><e2><U+02FC>","<cd><U+01BC><f6>"
"<U+00B2><U+00BB><U+032B><U+00B0><U+00AE>","<c9><ed><U+00B8><df>","<U+03F8><c4><e5>"
"<U+00B2><e9>","<c9><fa>","<cf><ca><c2><f0>"
"<U+00B2><ee><U+00BE><e0>","<U+02AE><cc><ec>","<cf><e3><U+00B5><c4>"
"<U+00B2><fa><U+01B7><c3><fb><U+00B3><c6>","<U+02B9><U+00BE><U+00A2>","ß≥<U+00B9><de>"
"<U+00B3><U+00A3><c2><f0>","<ca><d4><d3><c3><U+05F0>","<d1><c5><c5><e0>"
"<U+00B3><U+00B1>","<ca><c7><d2><f2><U+03AA>","<U+04BB><U+00B0><eb>"
"<U+00B3><U+00B5><c2><f0>","<ca><d6><cd><U+01B3><U+00B5>","<U+04BB><U+00B4><f3>"
"<U+00B3><U+00B6><U+00B5><U+00AD>","<U+02EF><U+00BE><f5>","<U+04BB>ß≥<U+00BF><e9>"
"<U+00B3><U+0075><ed><ce><ef>","<cb><e3>","<d2><e6><c9><fa><U+00BE><fa>"
"<U+00B3><U+0276><U+00BC>","<cc><ec><cc><ec>","<d3><d0><ca><d4>"
"<U+00B3><U+0277><U+05B1><ed>","<U+037C><U+01AC>","<d5><U+01FC><db>"
"<U+00B3><c9><cf><e4>","<cd><d1><c0><eb>","<d6><d8>"
"<U+00B3><U+0336><c8>","<cd><ed><c9><cf>","<U+00B0><U+00B4><U+0479>"
"<U+00B3><f4><c2><f0>","<cf><ca><c4><cc>","<U+00B0><U+0676><c8>"
"<U+00B4><f0><U+00B8><U+00B4>","<cf><U+0D71><d3><da>","<U+00B0><e6><U+00B1><c8>"
"<U+00B4><U+000B2EFF><U+00AA>","<cf><e4><d7><d3>","<U+00B0><eb><U+00B6><e0><U+00B4><f3>"
"<U+00B4><f2><U+00BB><dd><ca><cf>","<cf><f1><ca><c7>","<U+00B0><ef>"
"<U+00B4><f3><U+00B0><fc>","<cf><fb><U+00BB><U+00AF>","<U+00B1><U+00A3><d5><cf>"
"<U+00B4><U+000F2EF4><f3>","<d0><fb><U+00B4><U+00AB>","<U+00B1><U+00B4><d2><f2><c3><c0>"
"<U+00B4><f3>ß≥","<U+04BB><U+00B5><U+00BD>","<U+00B1><df><d3><d0>"
"<U+00B5><U+00A5><U+00BF><U+00B4>","<U+04BB><U+00B6><d9>","<U+00B1><e4>"
"<U+00B5><U+00B1><U+00BB><d8><ca><c2>","<U+04BB><U+00BA><c1><c9><fd>","<U+00B1><e4><U+00B4><ce>"
"<U+00B5><U+00B9><U+00B1><d5>","<U+04BB><U+02B1><U+00BC><e4>","<U+00B1>Å£"
"<U+00B5><U+00BD><U+00BB><f5>","<d3><U+0178><df>","<U+00B1><e3><ca><c7>"
"<U+00B5>1<fa>","<d3><fd><U+04E4>","<U+00B1><e6><U+00B1><f0><d5><e6><U+00BC><d9>"
"<U+00B5><U+01FC><c7>","<U+00B3><U+00A4><d1><c0>","<U+00B1><f1>"
"<U+00B5><cd><d6><c1>","<d5><e6>","<U+00B2><U+00BB><U+00B0><U+00AE>"
"<U+00B5><d7>","<d7><d6>","<U+00B2><U+00BB><U+00B0><U+00AE><d0><c8>"
"<U+00B5><U+06B6><fe><U+00B4><ce>","<U+00B0><U+00A1><U+00B0><U+00A1><U+00B0><U+00A1>","<U+00B2><U+00BB><U+00B0><c9>"
"<U+00B5><da><U+04BB><U+00B9><de>","<U+00B0><U+00AB>","<U+00B2><U+00BB><U+00B7><U+00B9><U+00B5><c4>"
"<U+00B6><U+00AF>","<U+00B0><c4><d7><cc>","<U+00B2><U+00BB><U+032B>"
"<U+00B6><c2>","<U+00B0><U+05B0><d6>","<U+00B2><U+00BB><U+032B><U+00BB><e1>"
"<U+00B6><cf>","<U+00B0><U+CDE8>","<U+00B2><U+00BB><U+0536>"
"<U+00B6><e0><U+00B5><c4><U+047D>","<U+00B0><f4><U+00B0><f4>","<U+00B2><U+00BB><d5><fd>"
"<U+00B6><e0><c5><dd>","<U+00B0><fc><U+00BA><U+00AC>","<U+00B2><U+00BB><U+05AA>"
"<U+00B6><fe><c4><U+AF36>","<U+00B1><U+0235><c4>","<U+00B2><U+00BF><c3><c5>"
"<U+00B7><U+00A2><c9><d5>","<U+00B1><U+023B><e1><c4><d8>","<U+00B2><c1><c1><c1><d1><U+06FE><U+00A6>"
"<U+00B7><U+00B3>","<U+00B1><c8><c0><cf>","<U+00B2><c1><ca><c3>"
"<U+00B7><U+00B9><U+007F>","<U+00B1><c8><c8><fd>","<U+00B2><ee><U+00B1><f0>"
